{"schemaVersion":"1.0","appDefinitionTemplate":{"id":"/providers/Microsoft.PowerApps/apps/","type":"Microsoft.PowerApps/apps","tags":{"primaryDeviceWidth":"1366","primaryDeviceHeight":"768","supportsPortrait":"true","supportsLandscape":"true","primaryFormFactor":"Tablet","publisherVersion":"3.23024.11","minimumRequiredApiVersion":"2.2.0","hasComponent":"false","hasUnlockedComponent":"false","isUnifiedRootApp":"false","sienaVersion":"20230707T024313Z-3.23064.15.0"},"properties":{"appVersion":"2023-07-07T02:43:13Z","lifeCycleId":"Published","createdByClientVersion":{"major":3,"minor":23024,"build":11,"revision":0,"majorRevision":0,"minorRevision":0},"minClientVersion":{"major":3,"minor":23024,"build":11,"revision":0,"majorRevision":0,"minorRevision":0},"backgroundColor":"RGBA(0,176,240,1)","backgroundImageUri":"/6353033807303194539/Naa4780c6-dd1a-44e1-a9be-c47138a0c073-Nfbd81013-725c-4a09-8b40-ef188c7a6695-logoSmallFile","displayName":"OpenAI Playground","description":"","commitMessage":"","appUris":{"documentUri":{"value":"/6353033807303194539/Nb0d42e33-f3cd-45cc-b063-4dbcdb2c6d11-Nc68af6a5-42fa-42e6-bcbc-74b943d8c66e-document.msapp"},"imageUris":[],"additionalUris":[]},"createdTime":"0001-01-01T00:00:00Z","lastModifiedTime":"0001-01-01T00:00:00Z","sharedGroupsCount":0,"sharedUsersCount":0,"connectionReferences":{"4ffb76df-d078-4905-a4c1-fe8f9becd149":{"id":"bc05e51b-de74-4f57-a1e4-8caa27289402","displayName":"ロジック フロー","iconUri":"https://connectoricons-prod.azureedge.net/releases/v1.0.1636/1.0.1636.3297/logicflows/icon.png","dataSources":["Openaisummarization"],"dependencies":[],"dependents":[],"parameterHints":{"workflowName":{"value":"30e4802f-6dd5-48cf-88fa-ee9c450834eb"},"workflowEntityId":{}},"parameterHintsV2":{"workflowName":{"value":"30e4802f-6dd5-48cf-88fa-ee9c450834eb"},"workflowEntityId":{}},"isOnPremiseConnection":false,"bypassConsent":false,"dataSets":{},"apiTier":"Standard","isCustomApiConnection":false,"actions":["Run"]}},"databaseReferences":{},"almMode":"Environment","performanceOptimizationEnabled":true,"canConsumeAppPass":true,"enableModernRuntimeMode":false,"executionRestrictions":{"isTeamsOnly":false,"dataLossPreventionEvaluationResult":{"status":"Compliant","lastEvaluationDate":"2023-03-01T08:03:20.8686931Z","violations":[],"violationsByPolicy":[],"violationErrorMessage":"The app uses the following connectors: shared_logicflows."},"httpActionRestriction":{"appUsesSharepointHttpAction":false,"enforcementStrategy":"Legacy","evaluationTime":"2023-03-01T08:03:20.8686033Z"}}},"appType":"ClassicCanvasApp","appComponents":[]}}